testId,n,time_ms,total_from_out,expected_total,status,sorted
1,6,1.24,9048986,-1,PASS,true
2,6500,7.61,40311709352,-1,PASS,true
3,10000,3.68,649609299,-1,PASS,true
4,20000,5.76,1406478603,-1,PASS,true
5,30000,7.59,2189056319,-1,PASS,true
6,50000,4.70,3834924931,-1,PASS,true
7,100000,10.00,8173116631,-1,PASS,true
8,200000,12.96,17328085165,-1,PASS,true
9,250000,24.13,2212244594,-1,PASS,true
10,400000,18.49,3680476393,-1,PASS,true
11,600000,48.85,5697447638,-1,PASS,true
12,10,0.16,14721090,-1,PASS,true
13,800000,48.24,7754811946,-1,PASS,true
14,1000000,96.80,9845036737,-1,PASS,true
15,1250000,95.40,12517255227,-1,PASS,true
16,1500000,85.49,15220316819,-1,PASS,true
17,1750000,225.01,17931937775,-1,PASS,true
18,2000000,133.79,20695012756,-1,PASS,true
19,2200000,125.85,22920352638,-1,PASS,true
20,2400000,220.67,25174612514,-1,PASS,true
21,2450000,172.31,25735672982,-1,PASS,true
22,2490000,119.48,26170521874,-1,PASS,true
23,20,1.98,29304167,-1,PASS,true
24,2500000,93.41,26289317354,-1,PASS,true
25,50,2.15,138459172,-1,PASS,true
26,100,0.12,339333587,-1,PASS,true
27,500,0.16,2084506090,-1,PASS,true
28,1000,0.16,4761099054,-1,PASS,true
29,2500,0.21,13472555928,-1,PASS,true
30,4000,0.29,23229074436,-1,PASS,true
